charity_id,name,description
1,Charity 1,Description for Charity 1
2,Charity 2,Description for Charity 2
3,Charity 3,Description for Charity 3
4,Charity 4,Description for Charity 4
5,Charity 5,Description for Charity 5
6,Charity 6,Description for Charity 6
7,Charity 7,Description for Charity 7
8,Charity 8,Description for Charity 8
9,Charity 9,Description for Charity 9
10,Charity 10,Description for Charity 10
11,Charity 11,Description for Charity 11
12,Charity 12,Description for Charity 12
13,Charity 13,Description for Charity 13
14,Charity 14,Description for Charity 14
15,Charity 15,Description for Charity 15
16,Charity 16,Description for Charity 16
17,Charity 17,Description for Charity 17
18,Charity 18,Description for Charity 18
19,Charity 19,Description for Charity 19
20,Charity 20,Description for Charity 20
21,Charity 21,Description for Charity 21
22,Charity 22,Description for Charity 22
23,Charity 23,Description for Charity 23
24,Charity 24,Description for Charity 24
25,Charity 25,Description for Charity 25
26,Charity 26,Description for Charity 26
27,Charity 27,Description for Charity 27
28,Charity 28,Description for Charity 28
29,Charity 29,Description for Charity 29
30,Charity 30,Description for Charity 30
31,Charity 31,Description for Charity 31
32,Charity 32,Description for Charity 32
33,Charity 33,Description for Charity 33
34,Charity 34,Description for Charity 34
35,Charity 35,Description for Charity 35
36,Charity 36,Description for Charity 36
37,Charity 37,Description for Charity 37
38,Charity 38,Description for Charity 38
39,Charity 39,Description for Charity 39
40,Charity 40,Description for Charity 40
41,Charity 41,Description for Charity 41
42,Charity 42,Description for Charity 42
43,Charity 43,Description for Charity 43
44,Charity 44,Description for Charity 44
45,Charity 45,Description for Charity 45
46,Charity 46,Description for Charity 46
47,Charity 47,Description for Charity 47
48,Charity 48,Description for Charity 48
49,Charity 49,Description for Charity 49
50,Charity 50,Description for Charity 50
51,Charity 51,Description for Charity 51
52,Charity 52,Description for Charity 52
53,Charity 53,Description for Charity 53
54,Charity 54,Description for Charity 54
55,Charity 55,Description for Charity 55
56,Charity 56,Description for Charity 56
57,Charity 57,Description for Charity 57
58,Charity 58,Description for Charity 58
59,Charity 59,Description for Charity 59
60,Charity 60,Description for Charity 60
61,Charity 61,Description for Charity 61
62,Charity 62,Description for Charity 62
63,Charity 63,Description for Charity 63
64,Charity 64,Description for Charity 64
65,Charity 65,Description for Charity 65
66,Charity 66,Description for Charity 66
67,Charity 67,Description for Charity 67
68,Charity 68,Description for Charity 68
69,Charity 69,Description for Charity 69
70,Charity 70,Description for Charity 70
71,Charity 71,Description for Charity 71
72,Charity 72,Description for Charity 72
73,Charity 73,Description for Charity 73
74,Charity 74,Description for Charity 74
75,Charity 75,Description for Charity 75
76,Charity 76,Description for Charity 76
77,Charity 77,Description for Charity 77
78,Charity 78,Description for Charity 78
79,Charity 79,Description for Charity 79
80,Charity 80,Description for Charity 80
81,Charity 81,Description for Charity 81
82,Charity 82,Description for Charity 82
83,Charity 83,Description for Charity 83
84,Charity 84,Description for Charity 84
85,Charity 85,Description for Charity 85
86,Charity 86,Description for Charity 86
87,Charity 87,Description for Charity 87
88,Charity 88,Description for Charity 88
89,Charity 89,Description for Charity 89
90,Charity 90,Description for Charity 90
91,Charity 91,Description for Charity 91
92,Charity 92,Description for Charity 92
93,Charity 93,Description for Charity 93
94,Charity 94,Description for Charity 94
95,Charity 95,Description for Charity 95
96,Charity 96,Description for Charity 96
97,Charity 97,Description for Charity 97
98,Charity 98,Description for Charity 98
99,Charity 99,Description for Charity 99
100,Charity 100,Description for Charity 100
